,ARGO_ERR_MIN,ARGO_ERR_MAX,OVERALL_ER,OVERALL_RE,OVERALL_N,OVERALL_NP,AIR_ER,AIR_RE,AIR_N,AIR_NP,CTD_NCEP_ER,CTD_NCEP_RE,CTD_NCEP_N,CTD_NCEP_NP,CTD_WOA_ER,CTD_WOA_RE,CTD_WOA_N,CTD_WOA_NP,WOA_ER,WOA_RE,WOA_N,WOA_NP
0,1.3878113216067545,3.000000115303205,0.7923184083032879,0.49302559460490025,23.0,22.0,1.191764397606903,0.4131884174475875,10.0,9.0,1.922049508244129,0.812756036247708,8.0,8.0,-2.672983479534878,0.9026403889803722,2.0,2.0,-0.9116128571732816,0.3132717706043067,3.0,3.0
0,1.2314352736644365,3.000000158680422,-0.39835375603701095,0.5002853628458259,16.0,13.0,2.6443799356321165,1.1215908214744892,5.0,3.0,0.9095247148737826,0.5009069272263901,7.0,6.0,-1.0122916793871468,0.34694546494369916,4.0,4.0,,,,
0,1.2267103383504179,3.0000002061398905,-1.8218571972243467,1.164681308865007,193.0,51.0,1.4205616940702157,1.1208924927543527,25.0,12.0,-1.7544520376973196,1.198969624555311,116.0,26.0,-1.4756147874238081,0.6263802060792983,24.0,5.0,-4.526523018672663,1.7621483284389299,28.0,8.0
